{"sane": true, "normalizes": true, "range": true, "log_prob": -1029.2091064453125, "avg_log_prob": -2.058418212890625, "perplexity": 7.833568966744826}