{"sane": true, "normalizes": true, "range": true, "log_prob": -4946.046869313577, "avg_log_prob": -9.892093738627155, "perplexity": 19773.416995341744}