{"sane": true, "normalizes": true, "range": true, "log_prob": -689.501708984375, "avg_log_prob": -1.37900341796875, "perplexity": 3.9709422851891927}